{
    "sample_seconds": 60,
    "repetitions": 5,
    "joules_mean": 683.6220748,
    "joules_median": 683.143733,
    "watts_mean": 11.393701246666666,
    "watts_median": 11.385728883333334,
    "joules_samples": [
        686.230839,
        682.890832,
        682.016961,
        683.143733,
        683.828009
    ],
    "watts_samples": [
        11.437180649999998,
        11.381513866666667,
        11.36694935,
        11.385728883333334,
        11.397133483333333
    ]
}