{
    "sample_seconds": 60,
    "repetitions": 5,
    "joules_mean": 692.805047,
    "joules_median": 688.28841,
    "watts_mean": 11.546750783333334,
    "watts_median": 11.4714735,
    "joules_samples": [
        709.492758,
        685.977953,
        694.185475,
        686.080639,
        688.28841
    ],
    "watts_samples": [
        11.8248793,
        11.432965883333333,
        11.569757916666667,
        11.434677316666667,
        11.4714735
    ]
}