{
    "sample_seconds": 60,
    "repetitions": 5,
    "joules_mean": 790.2043588,
    "joules_median": 751.30099,
    "watts_mean": 13.170072646666666,
    "watts_median": 12.521683166666666,
    "joules_samples": [
        710.51866,
        857.179076,
        925.858461,
        751.30099,
        706.164607
    ],
    "watts_samples": [
        11.841977666666667,
        14.286317933333333,
        15.430974350000001,
        12.521683166666666,
        11.769410116666668
    ]
}