{
    "sample_seconds": 60,
    "repetitions": 5,
    "joules_mean": 812.9181744,
    "joules_median": 814.844152,
    "watts_mean": 13.548636239999999,
    "watts_median": 13.580735866666666,
    "joules_samples": [
        814.844152,
        809.941375,
        808.172302,
        816.025808,
        815.607235
    ],
    "watts_samples": [
        13.580735866666666,
        13.499022916666666,
        13.469538366666665,
        13.600430133333333,
        13.593453916666666
    ]
}