{
    "sample_seconds": 60,
    "repetitions": 5,
    "joules_mean": 692.7066512,
    "joules_median": 692.284893,
    "watts_mean": 11.545110853333334,
    "watts_median": 11.53808155,
    "joules_samples": [
        697.343194,
        693.417387,
        692.284893,
        688.357376,
        692.130406
    ],
    "watts_samples": [
        11.622386566666668,
        11.55695645,
        11.53808155,
        11.472622933333334,
        11.535506766666666
    ]
}