{
    "sample_seconds": 60,
    "repetitions": 5,
    "joules_mean": 682.9416593999999,
    "joules_median": 682.753022,
    "watts_mean": 11.382360989999999,
    "watts_median": 11.379217033333333,
    "joules_samples": [
        685.209041,
        682.753022,
        683.501945,
        681.57666,
        681.667629
    ],
    "watts_samples": [
        11.420150683333333,
        11.379217033333333,
        11.391699083333332,
        11.359611,
        11.36112715
    ]
}