{
    "sample_seconds": 60,
    "repetitions": 5,
    "joules_mean": 693.0831426,
    "joules_median": 692.673178,
    "watts_mean": 11.55138571,
    "watts_median": 11.544552966666666,
    "joules_samples": [
        694.663051,
        692.673178,
        693.341525,
        692.384924,
        692.353035
    ],
    "watts_samples": [
        11.577717516666667,
        11.544552966666666,
        11.555692083333334,
        11.539748733333333,
        11.53921725
    ]
}