{
    "sample_seconds": 60,
    "repetitions": 5,
    "joules_mean": 699.9760414,
    "joules_median": 698.12126,
    "watts_mean": 11.666267356666667,
    "watts_median": 11.635354333333334,
    "joules_samples": [
        709.101315,
        698.12126,
        697.266156,
        698.479168,
        696.912308
    ],
    "watts_samples": [
        11.81835525,
        11.635354333333334,
        11.6211026,
        11.641319466666666,
        11.615205133333335
    ]
}