{
    "sample_seconds": 60,
    "repetitions": 5,
    "joules_mean": 683.7055298,
    "joules_median": 684.421987,
    "watts_mean": 11.395092163333333,
    "watts_median": 11.407033116666666,
    "joules_samples": [
        684.421987,
        682.221418,
        681.188436,
        686.21053,
        684.485278
    ],
    "watts_samples": [
        11.407033116666666,
        11.370356966666666,
        11.3531406,
        11.436842166666667,
        11.408087966666667
    ]
}