{
    "sample_seconds": 60,
    "repetitions": 5,
    "joules_mean": 695.5815146,
    "joules_median": 695.556178,
    "watts_mean": 11.593025243333333,
    "watts_median": 11.592602966666668,
    "joules_samples": [
        696.766258,
        694.650386,
        693.85462,
        695.556178,
        697.080131
    ],
    "watts_samples": [
        11.612770966666666,
        11.577506433333333,
        11.564243666666666,
        11.592602966666668,
        11.618002183333335
    ]
}