{
    "sample_seconds": 60,
    "repetitions": 5,
    "joules_mean": 684.2753248,
    "joules_median": 683.115186,
    "watts_mean": 11.404588746666667,
    "watts_median": 11.3852531,
    "joules_samples": [
        687.342781,
        682.793349,
        681.595046,
        686.530262,
        683.115186
    ],
    "watts_samples": [
        11.455713016666666,
        11.37988915,
        11.359917433333333,
        11.442171033333333,
        11.3852531
    ]
}